data,total_transacoes
01/06/2014,914608
02/06/2014,11256628
03/06/2014,9321025
04/06/2014,8933395
05/06/2014,10031023
06/06/2014,11350673
07/06/2014,1813088
08/06/2014,924436
09/06/2014,12572627
10/06/2014,11274298
11/06/2014,9303635
12/06/2014,6653140
13/06/2014,8465192
14/06/2014,1593758
15/06/2014,870611
16/06/2014,11854743
17/06/2014,7260777
18/06/2014,9232306
19/06/2014,1311980
20/06/2014,10755742
21/06/2014,1602130
22/06/2014,847485
23/06/2014,8930797
24/06/2014,8569647
25/06/2014,9678288
26/06/2014,8541979
27/06/2014,8895660
28/06/2014,1353239
29/06/2014,873214
30/06/2014,11992292
01/07/2014,9958132
02/07/2014,9373877
03/07/2014,9196142
04/07/2014,8320594
05/07/2014,1924182
06/07/2014,1022976
07/07/2014,13638665
08/07/2014,8082623
09/07/2014,8688873
10/07/2014,11165046
11/07/2014,9664393
12/07/2014,1636661
13/07/2014,849752
14/07/2014,11086721
15/07/2014,10405218
16/07/2014,8798597
17/07/2014,8608179
18/07/2014,9116769
19/07/2014,1587218
20/07/2014,869405
21/07/2014,11501454
22/07/2014,8736902
23/07/2014,7978265
24/07/2014,7806747
25/07/2014,8609345
26/07/2014,1483305
27/07/2014,902143
28/07/2014,10127854
29/07/2014,7987405
30/07/2014,8822755
31/07/2014,9016958
01/08/2014,9404947
02/08/2014,1707208
03/08/2014,932280
04/08/2014,11607246
05/08/2014,10700232
06/08/2014,9902389
07/08/2014,10537575
08/08/2014,10150991
09/08/2014,1777954
10/08/2014,929320
11/08/2014,13307783
12/08/2014,9778598
13/08/2014,8835501
14/08/2014,8949489
15/08/2014,8945204
16/08/2014,1565884
17/08/2014,890489
18/08/2014,11233360
19/08/2014,9104799
20/08/2014,10520454
21/08/2014,8653384
22/08/2014,8556455
23/08/2014,1526547
24/08/2014,845746
25/08/2014,11018865
26/08/2014,8645955
27/08/2014,8337890
28/08/2014,8388136
29/08/2014,9659010
30/08/2014,1701610
31/08/2014,944749
01/09/2014,12217710
02/09/2014,9808502
03/09/2014,9532721
04/09/2014,9508066
05/09/2014,11964830
06/09/2014,1921896
07/09/2014,1027243
08/09/2014,12563480
09/09/2014,10224148
10/09/2014,11324403
11/09/2014,9553219
12/09/2014,9439198
13/09/2014,1618900
14/09/2014,970821
15/09/2014,12500950
16/09/2014,9407865
17/09/2014,8893371
18/09/2014,8627891
19/09/2014,9543812
20/09/2014,1673419
21/09/2014,888541
22/09/2014,11707341
23/09/2014,8879988
24/09/2014,8536099
25/09/2014,9233161
26/09/2014,8806877
27/09/2014,1576388
28/09/2014,880502
29/09/2014,10879813
30/09/2014,10659550
01/10/2014,10409748
02/10/2014,9666271
03/10/2014,10479198
04/10/2014,1929326
05/10/2014,985349
06/10/2014,13476729
07/10/2014,11825267
08/10/2014,10360790
09/10/2014,9857285
10/10/2014,11742765
11/10/2014,1760635
12/10/2014,916314
13/10/2014,12042057
14/10/2014,9763195
15/10/2014,10705868
16/10/2014,9040033
17/10/2014,11053728
18/10/2014,1666416
19/10/2014,891124
20/10/2014,12799488
21/10/2014,9323977
22/10/2014,9052761
23/10/2014,8541555
24/10/2014,8751510
25/10/2014,1527636
26/10/2014,845144
27/10/2014,10994444
28/10/2014,8855256
29/10/2014,8578912
30/10/2014,9088118
31/10/2014,9406781
01/11/2014,1868607
02/11/2014,1004636
03/11/2014,12803980
04/11/2014,10269002
05/11/2014,11080119
06/11/2014,11844711
07/11/2014,11775032
08/11/2014,1925926
09/11/2014,1048658
10/11/2014,14388385
11/11/2014,10736922
12/11/2014,9756707
13/11/2014,9087094
14/11/2014,9914686
15/11/2014,1305293
16/11/2014,903984
17/11/2014,12474614
18/11/2014,9548952
19/11/2014,9195047
20/11/2014,10371093
21/11/2014,9707466
22/11/2014,1724819
23/11/2014,962083
24/11/2014,11295885
25/11/2014,10035646
26/11/2014,9202162
27/11/2014,9204985
28/11/2014,11568156
29/11/2014,2077128
30/11/2014,1086702
01/12/2014,13456027
02/12/2014,11037924
03/12/2014,10515537
04/12/2014,10434533
05/12/2014,12434212
06/12/2014,2208461
07/12/2014,1138041
08/12/2014,11735129
09/12/2014,11907216
10/12/2014,12074156
11/12/2014,10051640
12/12/2014,10013820
13/12/2014,1948119
14/12/2014,817582
15/12/2014,13094845
16/12/2014,10105970
17/12/2014,9811082
18/12/2014,10077098
19/12/2014,12164059
20/12/2014,2245438
21/12/2014,1167324
22/12/2014,13225507
23/12/2014,10578648
24/12/2014,6013587
25/12/2014,911949
26/12/2014,8519391
27/12/2014,1773407
28/12/2014,999498
29/12/2014,11069831
30/12/2014,9995594
31/12/2014,2804268
01/01/2015,922184
02/01/2015,8929357
03/01/2015,1820606
04/01/2015,1146956
05/01/2015,13587226
06/01/2015,10737311
07/01/2015,11392406
08/01/2015,10486943
09/01/2015,10776273
10/01/2015,2070268
11/01/2015,1083138
12/01/2015,13161952
13/01/2015,10029837
14/01/2015,9612254
15/01/2015,10725412
16/01/2015,9546087
17/01/2015,1841597
18/01/2015,967786
19/01/2015,11542259
20/01/2015,10826238
21/01/2015,9458817
22/01/2015,8784524
23/01/2015,9087562
24/01/2015,1793124
25/01/2015,998746
26/01/2015,11198815
27/01/2015,8974293
28/01/2015,8657775
29/01/2015,8599536
30/01/2015,10395800
31/01/2015,3600708
01/02/2015,1154377
02/02/2015,12130829
03/02/2015,9987069
04/02/2015,9509781
05/02/2015,10386252
06/02/2015,11861846
07/02/2015,2211038
08/02/2015,1170951
09/02/2015,13093442
10/02/2015,12460802
11/02/2015,10234057
12/02/2015,9990738
13/02/2015,10926457
14/02/2015,1755058
15/02/2015,818099
16/02/2015,2074214
17/02/2015,1252060
18/02/2015,12224645
19/02/2015,10567708
20/02/2015,12190021
21/02/2015,2055937
22/02/2015,1059582
23/02/2015,11896532
24/02/2015,9491016
25/02/2015,9914712
26/02/2015,9263478
27/02/2015,10750716
28/02/2015,2083463
01/03/2015,1219507
02/03/2015,13496806
03/03/2015,10728087
04/03/2015,10175513
05/03/2015,11145206
06/03/2015,12821146
07/03/2015,2371970
08/03/2015,1231735
09/03/2015,13159288
10/03/2015,12856956
11/03/2015,10416266
12/03/2015,9912015
13/03/2015,10431491
14/03/2015,2043659
15/03/2015,1146812
16/03/2015,13011711
17/03/2015,9672036
18/03/2015,9386007
19/03/2015,9101630
20/03/2015,11695012
21/03/2015,2028694
22/03/2015,892463
23/03/2015,11451076
24/03/2015,9504327
25/03/2015,9883615
26/03/2015,9148896
27/03/2015,9273064
28/03/2015,1995077
29/03/2015,1098216
30/03/2015,11384285
31/03/2015,10736560
01/04/2015,11304192
02/04/2015,10565008
03/04/2015,1369426
04/04/2015,1851867
05/04/2015,1126340
06/04/2015,15183674
07/04/2015,12872305
08/04/2015,11597601
09/04/2015,10875412
10/04/2015,12995879
11/04/2015,2201078
12/04/2015,1180120
13/04/2015,12941124
14/04/2015,10774463
15/04/2015,11749124
16/04/2015,9954002
17/04/2015,10646720
18/04/2015,2068608
19/04/2015,1111087
20/04/2015,12650148
21/04/2015,1757005
22/04/2015,11386818
23/04/2015,9917456
24/04/2015,10292830
25/04/2015,2113498
26/04/2015,1147101
27/04/2015,12366165
28/04/2015,9991140
29/04/2015,10042308
30/04/2015,12730952
01/05/2015,1728438
02/05/2015,1974262
03/05/2015,1213400
04/05/2015,14907691
05/05/2015,12832701
06/05/2015,11711919
07/05/2015,12610132
08/05/2015,12563804
09/05/2015,2464166
10/05/2015,1255296
11/05/2015,15892486
12/05/2015,11574286
13/05/2015,10345993
14/05/2015,10148364
15/05/2015,12043268
16/05/2015,2112230
17/05/2015,1137148
18/05/2015,12588906
19/05/2015,10568786
20/05/2015,12271501
21/05/2015,9852263
22/05/2015,10009692
23/05/2015,2026427
24/05/2015,1124630
25/05/2015,12267898
26/05/2015,9980183
27/05/2015,9782174
28/05/2015,9730109
29/05/2015,11274328
30/05/2015,2243045
31/05/2015,1248130
01/06/2015,13700939
02/06/2015,11342368
03/06/2015,11815152
04/06/2015,1806708
05/06/2015,12802171
06/06/2015,2376772
07/06/2015,1335793
08/06/2015,15240169
09/06/2015,12116185
10/06/2015,13421308
11/06/2015,11117147
12/06/2015,11014988
13/06/2015,2167960
14/06/2015,1203177
15/06/2015,13605826
16/06/2015,10670839
17/06/2015,10327238
18/06/2015,9742683
19/06/2015,11187304
20/06/2015,2211471
21/06/2015,1188853
22/06/2015,13796944
23/06/2015,10361247
24/06/2015,9219542
25/06/2015,10438446
26/06/2015,10451465
27/06/2015,2089835
28/06/2015,1147513
29/06/2015,12362944
30/06/2015,12344882
01/07/2015,12164308
02/07/2015,11049241
03/07/2015,11943429
04/07/2015,2533562
05/07/2015,1353394
06/07/2015,15676689
07/07/2015,13439922
08/07/2015,11839450
09/07/2015,10079206
10/07/2015,13639781
11/07/2015,2367571
12/07/2015,1268029
13/07/2015,14051105
14/07/2015,11260436
15/07/2015,12472394
16/07/2015,10490969
17/07/2015,10700834
18/07/2015,2215428
19/07/2015,1226574
20/07/2015,15270100
21/07/2015,10999729
22/07/2015,10375469
23/07/2015,9889371
24/07/2015,10823483
25/07/2015,2091479
26/07/2015,1132541
27/07/2015,13723251
28/07/2015,9959948
29/07/2015,7216095
30/07/2015,10687624
31/07/2015,11130805
01/08/2015,2503785
02/08/2015,1359112
03/08/2015,14981571
04/08/2015,12358607
05/08/2015,12919057
06/08/2015,12638449
07/08/2015,14133124
08/08/2015,2633599
09/08/2015,1368055
10/08/2015,17801574
11/08/2015,12765723
12/08/2015,11532286
13/08/2015,10424375
14/08/2015,11690482
15/08/2015,2303638
16/08/2015,1222272
17/08/2015,15183135
18/08/2015,11562756
19/08/2015,11175429
20/08/2015,13210787
21/08/2015,11484886
22/08/2015,2259006
23/08/2015,1242170
24/08/2015,13323956
25/08/2015,11691992
26/08/2015,10794336
27/08/2015,10512013
28/08/2015,11173231
29/08/2015,2318785
30/08/2015,1348219
31/08/2015,14534948
01/09/2015,13462556
02/09/2015,12249509
03/09/2015,12293258
04/09/2015,14534349
05/09/2015,2679827
06/09/2015,1132225
07/09/2015,1812784
08/09/2015,17210275
09/09/2015,13411174
10/09/2015,14888060
11/09/2015,12833585
12/09/2015,2475293
13/09/2015,1297277
14/09/2015,14299387
15/09/2015,13604728
16/09/2015,11534392
17/09/2015,11166413
18/09/2015,12989758
19/09/2015,2353697
20/09/2015,1312566
21/09/2015,15204772
22/09/2015,11505760
23/09/2015,10755037
24/09/2015,10319965
25/09/2015,626847
26/09/2015,3194460
27/09/2015,1399982
28/09/2015,16556606
29/09/2015,11671086
30/09/2015,13430044
01/10/2015,13109447
02/10/2015,12919378
03/10/2015,2680148
04/10/2015,1478268
05/10/2015,16498585
06/10/2015,14667709
07/10/2015,14593724
08/10/2015,12802854
09/10/2015,13381086
10/10/2015,2606241
11/10/2015,1144630
12/10/2015,1713983
13/10/2015,18363459
14/10/2015,13373476
15/10/2015,14407076
16/10/2015,12878894
17/10/2015,2454210
18/10/2015,1275786
19/10/2015,14863898
20/10/2015,14994365
21/10/2015,12059428
22/10/2015,11320740
23/10/2015,11749877
24/10/2015,2322620
25/10/2015,1367801
26/10/2015,14620391
27/10/2015,11641015
28/10/2015,11568689
29/10/2015,11342868
30/10/2015,13316372
31/10/2015,2506573
01/11/2015,1313360
02/11/2015,1882485
03/11/2015,16970289
04/11/2015,13424689
05/11/2015,14187717
06/11/2015,15744186
07/11/2015,2979853
08/11/2015,1541388
09/11/2015,16672898
10/11/2015,15928319
11/11/2015,13187167
12/11/2015,12161779
13/11/2015,12359281
14/11/2015,2477599
15/11/2015,1379928
16/11/2015,15973699
17/11/2015,12133539
18/11/2015,11628642
19/11/2015,11797769
20/11/2015,13098474
21/11/2015,2523229
22/11/2015,1294040
23/11/2015,14684918
24/11/2015,11864529
25/11/2015,12459880
26/11/2015,11467767
27/11/2015,12502503
28/11/2015,2832567
29/11/2015,1565932
30/11/2015,17043730
01/12/2015,14519181
02/12/2015,13434853
03/12/2015,12825602
04/12/2015,14660438
05/12/2015,3175526
06/12/2015,1852640
07/12/2015,18257832
08/12/2015,11833275
09/12/2015,14097848
10/12/2015,15434292
11/12/2015,13777268
12/12/2015,2770875
13/12/2015,1535105
14/12/2015,16079500
15/12/2015,15175094
16/12/2015,13362904
17/12/2015,13048494
18/12/2015,15528528
19/12/2015,3137525
20/12/2015,1713463
21/12/2015,17565227
22/12/2015,13823015
23/12/2015,13700476
24/12/2015,7512299
25/12/2015,1280883
26/12/2015,2180721
27/12/2015,1502927
28/12/2015,15469793
29/12/2015,11724319
30/12/2015,12605884
31/12/2015,3781159
01/01/2016,1295979
02/01/2016,2100282
03/01/2016,1659667
04/01/2016,17393251
05/01/2016,15144203
06/01/2016,13671430
07/01/2016,14447618
08/01/2016,14246981
09/01/2016,3116378
10/01/2016,1677084
11/01/2016,19019657
12/01/2016,14056049
13/01/2016,13346801
14/01/2016,12785608
15/01/2016,14666455
16/01/2016,2719067
17/01/2016,1506442
18/01/2016,15683395
19/01/2016,13239750
20/01/2016,13960931
21/01/2016,12464735
22/01/2016,12251784
23/01/2016,2665000
24/01/2016,1434278
25/01/2016,14914392
26/01/2016,12486271
27/01/2016,12009518
28/01/2016,11734004
29/01/2016,13568410
30/01/2016,2924440
31/01/2016,1646968
01/02/2016,16279577
02/02/2016,13614079
03/02/2016,13399924
04/02/2016,13921385
05/02/2016,18517623
06/02/2016,3132243
07/02/2016,1285662
08/02/2016,3231961
09/02/2016,2112241
10/02/2016,19033239
11/02/2016,15774207
12/02/2016,14825253
13/02/2016,3069587
14/02/2016,1402205
15/02/2016,18099415
16/02/2016,13848208
17/02/2016,12956891
18/02/2016,12637859
19/02/2016,14139902
20/02/2016,3168253
21/02/2016,914147
22/02/2016,16879214
23/02/2016,12861186
24/02/2016,12408892
25/02/2016,13005484
26/02/2016,13256219
27/02/2016,2995982
28/02/2016,1701837
29/02/2016,17355848
01/03/2016,15060058
02/03/2016,14163684
03/03/2016,13947284
04/03/2016,15717778
05/03/2016,3557822
06/03/2016,1733222
07/03/2016,19463562
08/03/2016,14408491
09/03/2016,13793223
10/03/2016,15950279
11/03/2016,13975944
12/03/2016,1959892
13/03/2016,1264307
14/03/2016,16383748
15/03/2016,15819708
16/03/2016,13523364
17/03/2016,13238275
18/03/2016,14515441
19/03/2016,2983155
20/03/2016,1735405
21/03/2016,18370615
22/03/2016,13754934
23/03/2016,13494694
24/03/2016,12571979
25/03/2016,1843260
26/03/2016,2346649
27/03/2016,1487980
28/03/2016,16974857
29/03/2016,13202793
30/03/2016,13700652
31/03/2016,14538452
01/04/2016,15217464
02/04/2016,3235601
03/04/2016,1821246
04/04/2016,17387133
05/04/2016,16665751
06/04/2016,16194888
07/04/2016,16344848
08/04/2016,15299801
09/04/2016,3472745
10/04/2016,1924156
11/04/2016,20240428
12/04/2016,14944221
13/04/2016,13749870
14/04/2016,13410398
15/04/2016,15781848
16/04/2016,3072636
17/04/2016,1598807
18/04/2016,16615751
19/04/2016,14292776
20/04/2016,17018909
21/04/2016,2645501
22/04/2016,13328959
23/04/2016,2869750
24/04/2016,1749893
25/04/2016,18074808
26/04/2016,13675116
27/04/2016,13340986
28/04/2016,13082949
29/04/2016,15446252
30/04/2016,3367794
01/05/2016,1936665
02/05/2016,18464040
03/05/2016,15485031
04/05/2016,14840772
05/05/2016,16252456
06/05/2016,17546414
07/05/2016,3699895
08/05/2016,1868609
09/05/2016,18781850
10/05/2016,18308571
11/05/2016,15046861
12/05/2016,14017906
13/05/2016,14434127
14/05/2016,3232049
15/05/2016,1847157
16/05/2016,19656297
17/05/2016,14330853
18/05/2016,13602588
19/05/2016,13133451
20/05/2016,16521134
21/05/2016,3291005
22/05/2016,1863885
23/05/2016,16356533
24/05/2016,13188778
25/05/2016,14781278
26/05/2016,2515185
27/05/2016,13671453
28/05/2016,3042668
29/05/2016,1951310
30/05/2016,17637065
31/05/2016,15506524
01/06/2016,15629929
02/06/2016,14737906
03/06/2016,15626987
04/06/2016,3755073
05/06/2016,2106338
06/06/2016,20530512
07/06/2016,17713855
08/06/2016,15291492
09/06/2016,14310624
10/06/2016,17493603
11/06/2016,3405344
12/06/2016,1810828
13/06/2016,16837711
14/06/2016,15291847
15/06/2016,16487675
16/06/2016,13958308
17/06/2016,14364598
18/06/2016,3213254
19/06/2016,1879712
20/06/2016,19733406
21/06/2016,14369530
22/06/2016,13614992
23/06/2016,12888908
24/06/2016,12851993
25/06/2016,3035321
26/06/2016,1791644
27/06/2016,16820107
28/06/2016,13846484
29/06/2016,13239733
30/06/2016,15646677
01/07/2016,16338725
02/07/2016,3520475
03/07/2016,2038636
04/07/2016,19026227
05/07/2016,17769158
06/07/2016,17896932
07/07/2016,17872092
08/07/2016,16610467
09/07/2016,3941910
10/07/2016,2812598
11/07/2016,21856748
12/07/2016,15866100
13/07/2016,14755092
14/07/2016,14118219
15/07/2016,16872906
16/07/2016,3293675
17/07/2016,1831151
18/07/2016,17259939
19/07/2016,15074418
20/07/2016,18688900
21/07/2016,14674519
22/07/2016,13863078
23/07/2016,3220246
24/07/2016,1864352
25/07/2016,16797517
26/07/2016,13866112
27/07/2016,13848995
28/07/2016,13722199
29/07/2016,15636978
30/07/2016,3609331
31/07/2016,2099670
01/08/2016,19652696
02/08/2016,16151350
03/08/2016,15716350
04/08/2016,16683805
05/08/2016,19856574
06/08/2016,3952218
07/08/2016,2266294
08/08/2016,20210048
09/08/2016,16541474
10/08/2016,18734938
11/08/2016,15503335
12/08/2016,15736904
13/08/2016,3526701
14/08/2016,1873519
15/08/2016,17981904
16/08/2016,16217787
17/08/2016,14982463
18/08/2016,14569115
19/08/2016,15983816
20/08/2016,3430611
21/08/2016,1942381
22/08/2016,19288191
23/08/2016,15292131
24/08/2016,14250055
25/08/2016,14704243
26/08/2016,14497725
27/08/2016,3300747
28/08/2016,1939564
29/08/2016,17208705
30/08/2016,15548620
31/08/2016,15770681
01/09/2016,16758643
02/09/2016,16786554
03/09/2016,3794397
04/09/2016,2261471
05/09/2016,22017212
06/09/2016,20505264
07/09/2016,3662762
08/09/2016,19492224
09/09/2016,18512486
10/09/2016,3891109
11/09/2016,2286221
12/09/2016,23865500
13/09/2016,17493919
14/09/2016,16466591
15/09/2016,18069842
16/09/2016,16592915
17/09/2016,3579237
18/09/2016,2071910
19/09/2016,20023307
20/09/2016,19746109
21/09/2016,16148515
22/09/2016,15304186
23/09/2016,15562560
24/09/2016,3437177
25/09/2016,2048886
26/09/2016,19284619
27/09/2016,15906079
28/09/2016,15549183
29/09/2016,15181643
30/09/2016,12800168
01/10/2016,4340000
02/10/2016,1734624
03/10/2016,22073034
04/10/2016,18656234
05/10/2016,20341725
06/10/2016,19757968
07/10/2016,20868566
08/10/2016,4228569
09/10/2016,2240170
10/10/2016,26208603
11/10/2016,19659257
12/10/2016,3211534
13/10/2016,18827213
14/10/2016,17717097
15/10/2016,3903030
16/10/2016,2274246
17/10/2016,22044379
18/10/2016,17198160
19/10/2016,16569718
20/10/2016,18986464
21/10/2016,16324733
22/10/2016,3715230
23/10/2016,2134654
24/10/2016,18714070
25/10/2016,17229279
26/10/2016,15750345
27/10/2016,15473229
28/10/2016,16114532
29/10/2016,3718768
30/10/2016,1717087
31/10/2016,20305799
01/11/2016,18998396
02/11/2016,3746145
03/11/2016,19715357
04/11/2016,19732901
05/11/2016,4609972
06/11/2016,2652556
07/11/2016,25522829
08/11/2016,19983811
09/11/2016,18314669
10/11/2016,21021426
11/11/2016,18955892
12/11/2016,4460939
13/11/2016,1992269
14/11/2016,19467470
15/11/2016,3795613
16/11/2016,21931405
17/11/2016,17899935
18/11/2016,18991271
19/11/2016,4161089
20/11/2016,2642521
21/11/2016,23221231
22/11/2016,17448795
23/11/2016,16520857
24/11/2016,15995779
25/11/2016,17887459
26/11/2016,3965397
27/11/2016,2426404
28/11/2016,20195294
29/11/2016,17034144
30/11/2016,20272818
01/12/2016,20008508
02/12/2016,19920559
03/12/2016,5337363
04/12/2016,3617330
05/12/2016,25144387
06/12/2016,21976300
07/12/2016,21689433
08/12/2016,16294645
09/12/2016,17663020
10/12/2016,4479752
11/12/2016,2580061
12/12/2016,25260743
13/12/2016,18934515
14/12/2016,18512230
15/12/2016,20475440
16/12/2016,19110562
17/12/2016,4369143
18/12/2016,2470911
19/12/2016,23033292
20/12/2016,24615793
21/12/2016,19721462
22/12/2016,18540735
23/12/2016,17476775
24/12/2016,3694916
25/12/2016,1704819
26/12/2016,18493632
27/12/2016,15857449
28/12/2016,16128006
29/12/2016,17399760
30/12/2016,8179774
31/12/2016,3229649
01/01/2017,1869312
02/01/2017,20277989
03/01/2017,19140693
04/01/2017,17945458
05/01/2017,19689034
06/01/2017,21614808
07/01/2017,4732423
08/01/2017,2559725
09/01/2017,25092335
10/01/2017,23877096
11/01/2017,20126019
12/01/2017,18470710
13/01/2017,19948161
14/01/2017,4367736
15/01/2017,2478671
16/01/2017,24009264
17/01/2017,18649422
18/01/2017,17771773
19/01/2017,17627078
20/01/2017,19797994
21/01/2017,4201361
22/01/2017,2290844
23/01/2017,21130176
24/01/2017,18103768
25/01/2017,18205700
26/01/2017,16938508
27/01/2017,17278006
28/01/2017,4079917
29/01/2017,2344924
30/01/2017,21281726
31/01/2017,20208831
01/02/2017,19969710
02/02/2017,18679248
03/02/2017,20076508
04/02/2017,4809425
05/02/2017,2700002
06/02/2017,25285631
07/02/2017,22618699
08/02/2017,19620800
09/02/2017,19688621
10/02/2017,22993503
11/02/2017,4660837
12/02/2017,2591872
13/02/2017,23954832
14/02/2017,19960085
15/02/2017,21719017
16/02/2017,18750018
17/02/2017,19238374
18/02/2017,4674501
19/02/2017,2819159
20/02/2017,26870114
21/02/2017,20233602
22/02/2017,19340744
23/02/2017,19167116
24/02/2017,22073816
25/02/2017,4501545
26/02/2017,2167637
27/02/2017,5096345
28/02/2017,3544450
01/03/2017,25592938
02/03/2017,23480012
03/03/2017,23170904
04/03/2017,5591268
05/03/2017,3263315
06/03/2017,28437292
07/03/2017,24862622
08/03/2017,21865136
09/03/2017,20870326
10/03/2017,25168878
11/03/2017,5139119
12/03/2017,2860302
13/03/2017,25513472
14/03/2017,21172918
15/03/2017,23067065
16/03/2017,19861956
17/03/2017,13326273
18/03/2017,3689628
19/03/2017,2739348
20/03/2017,24865524
21/03/2017,21960772
22/03/2017,21348524
23/03/2017,20713893
24/03/2017,20704852
25/03/2017,5283453
26/03/2017,3116542
27/03/2017,24438039
28/03/2017,20159092
29/03/2017,19621635
30/03/2017,20641508
31/03/2017,22738194
01/04/2017,5976092
02/04/2017,3700740
03/04/2017,28579610
04/04/2017,24416236
05/04/2017,27645835
06/04/2017,27280356
07/04/2017,28433805
08/04/2017,6214697
09/04/2017,3846667
10/04/2017,35056970
11/04/2017,26215423
12/04/2017,24695623
13/04/2017,23053971
14/04/2017,4007623
15/04/2017,4682163
16/04/2017,3195697
17/04/2017,31842560
18/04/2017,24353181
19/04/2017,23686487
20/04/2017,28275776
21/04/2017,4854834
22/04/2017,4846796
23/04/2017,3234372
24/04/2017,28296961
25/04/2017,25194957
26/04/2017,22818188
27/04/2017,23245352
28/04/2017,25028605
29/04/2017,5659998
30/04/2017,2880735
01/05/2017,4884044
02/05/2017,32337385
03/05/2017,26869054
04/05/2017,25799639
05/05/2017,30955080
06/05/2017,6744590
07/05/2017,3327507
08/05/2017,31484898
09/05/2017,26307294
10/05/2017,29364798
11/05/2017,24581034
12/05/2017,23959826
13/05/2017,5826223
14/05/2017,3315708
15/05/2017,31436369
16/05/2017,24155267
17/05/2017,23190958
18/05/2017,22053195
19/05/2017,24207965
20/05/2017,6055369
21/05/2017,3585655
22/05/2017,29427916
23/05/2017,23731919
24/05/2017,22014840
25/05/2017,23434739
26/05/2017,22549782
27/05/2017,5525507
28/05/2017,3375167
29/05/2017,26291852
30/05/2017,24353403
31/05/2017,24893009
01/06/2017,25386309
02/06/2017,25899631
03/06/2017,6459905
04/06/2017,3930482
05/06/2017,25064479
06/06/2017,29582724
07/06/2017,28966838
08/06/2017,24918805
09/06/2017,25637752
10/06/2017,6446932
11/06/2017,3912430
12/06/2017,33391552
13/06/2017,24964921
14/06/2017,27222906
15/06/2017,5960820
16/06/2017,26825650
17/06/2017,6091927
18/06/2017,3904256
19/06/2017,31394331
20/06/2017,30799473
21/06/2017,25069938
22/06/2017,23647808
23/06/2017,23746116
24/06/2017,5927277
25/06/2017,3665203
26/06/2017,30244486
27/06/2017,25505177
28/06/2017,24947763
29/06/2017,23891894
30/06/2017,29352455
01/07/2017,7478664
02/07/2017,4326893
03/07/2017,35865698
04/07/2017,30273098
05/07/2017,32190469
06/07/2017,31346416
07/07/2017,32684064
08/07/2017,7478215
09/07/2017,4661790
10/07/2017,41177055
11/07/2017,31172029
12/07/2017,28404083
13/07/2017,26787523
14/07/2017,28408698
15/07/2017,6255124
16/07/2017,3651951
17/07/2017,33317990
18/07/2017,26402204
19/07/2017,25953699
20/07/2017,29640538
21/07/2017,25636954
22/07/2017,5939066
23/07/2017,3545248
24/07/2017,30721208
25/07/2017,26824264
26/07/2017,24345775
27/07/2017,24360412
28/07/2017,25443294
29/07/2017,6209404
30/07/2017,3709476
31/07/2017,33084939
01/08/2017,30707564
02/08/2017,28353446
03/08/2017,28514097
04/08/2017,31130783
05/08/2017,7326729
06/08/2017,4296507
07/08/2017,35397998
08/08/2017,30173503
09/08/2017,28448638
10/08/2017,32072981
11/08/2017,29076277
12/08/2017,6563465
13/08/2017,3574220
14/08/2017,32658770
15/08/2017,28024601
16/08/2017,27956407
17/08/2017,26568475
18/08/2017,28208681
19/08/2017,6497911
20/08/2017,3847792
21/08/2017,34268672
22/08/2017,27202236
23/08/2017,25610915
24/08/2017,24751638
25/08/2017,26694767
26/08/2017,6139543
27/08/2017,3728025
28/08/2017,30592010
29/08/2017,26395323
30/08/2017,27316237
31/08/2017,28563037
01/09/2017,31056999
02/09/2017,7053809
03/09/2017,4248579
04/09/2017,36098080
05/09/2017,33930329
06/09/2017,34133764
07/09/2017,6472791
08/09/2017,30393622
09/09/2017,6995297
10/09/2017,4606218
11/09/2017,35607853
12/09/2017,32763408
13/09/2017,29721659
14/09/2017,27934022
15/09/2017,31136410
16/09/2017,6749810
17/09/2017,4202015
18/09/2017,33856030
19/09/2017,29248884
20/09/2017,32769467
21/09/2017,27262189
22/09/2017,27155791
23/09/2017,6421253
24/09/2017,3785995
25/09/2017,33481974
26/09/2017,27639175
27/09/2017,26407906
28/09/2017,26741658
29/09/2017,30068169
30/09/2017,7065413
01/10/2017,4562803
02/10/2017,37416661
03/10/2017,32623155
04/10/2017,29289447
05/10/2017,33015145
06/10/2017,36147271
07/10/2017,7925193
08/10/2017,4645571
09/10/2017,37894786
10/10/2017,36857025
11/10/2017,32688696
12/10/2017,5894258
13/10/2017,28433684
14/10/2017,6773494
15/10/2017,4235131
16/10/2017,38452024
17/10/2017,31099285
18/10/2017,29133785
19/10/2017,28514360
20/10/2017,34404033
21/10/2017,6951517
22/10/2017,4032435
23/10/2017,33241179
24/10/2017,27900316
25/10/2017,29211837
26/10/2017,26507494
27/10/2017,27872889
28/10/2017,6642075
29/10/2017,4022795
30/10/2017,34340289
31/10/2017,32343066
01/11/2017,26295773
02/11/2017,4304040
03/11/2017,25428666
04/11/2017,5406999
05/11/2017,3146492
06/11/2017,32560342
07/11/2017,30635715
08/11/2017,34350398
09/11/2017,31489849
10/11/2017,29730167
11/11/2017,7987596
12/11/2017,4079583
13/11/2017,35644676
14/11/2017,31679678
15/11/2017,6359784
16/11/2017,36069752
17/11/2017,32380277
18/11/2017,7687983
19/11/2017,4474890
20/11/2017,38189482
21/11/2017,33530930
22/11/2017,30279641
23/11/2017,28564396
24/11/2017,29860999
25/11/2017,7585211
26/11/2017,4436405
27/11/2017,31978903
28/11/2017,31645724
29/11/2017,31012797
30/11/2017,36457548
01/12/2017,36486404
02/12/2017,8824174
03/12/2017,5183863
04/12/2017,40748930
05/12/2017,38313771
06/12/2017,37722435
07/12/2017,38105541
08/12/2017,30565367
09/12/2017,8513289
10/12/2017,5344930
11/12/2017,45209562
12/12/2017,35380728
13/12/2017,32849667
14/12/2017,32156756
15/12/2017,36810235
16/12/2017,8262842
17/12/2017,4902383
18/12/2017,38844234
19/12/2017,35571531
20/12/2017,42977396
21/12/2017,34804045
22/12/2017,34547786
23/12/2017,8586596
24/12/2017,4271431
25/12/2017,3952300
26/12/2017,35060107
27/12/2017,30734391
28/12/2017,33374881
29/12/2017,17769660
30/12/2017,7195999
31/12/2017,3767061
01/01/2018,4361932
02/01/2018,38282851
03/01/2018,35228070
04/01/2018,32320185
05/01/2018,38582330
06/01/2018,9454289
07/01/2018,5610131
08/01/2018,43669465
09/01/2018,38020557
10/01/2018,41756843
11/01/2018,35734754
12/01/2018,34169285
13/01/2018,8435592
14/01/2018,5063617
15/01/2018,42982821
16/01/2018,34867004
17/01/2018,32614165
18/01/2018,31657709
19/01/2018,34413249
20/01/2018,8666766
21/01/2018,5077104
22/01/2018,39862676
23/01/2018,32777879
24/01/2018,28405755
25/01/2018,29630923
26/01/2018,28700883
27/01/2018,7099404
28/01/2018,4242444
29/01/2018,33459955
30/01/2018,31440288
31/01/2018,32976563
01/02/2018,33688235
02/02/2018,32859675
03/02/2018,7213034
04/02/2018,549024
05/02/2018,38728883
06/02/2018,34903150
07/02/2018,34859946
08/02/2018,31230935
09/02/2018,33394322
10/02/2018,6955543
11/02/2018,3282803
12/02/2018,8560765
13/02/2018,5154033
14/02/2018,36556807
15/02/2018,36657414
16/02/2018,32039623
17/02/2018,6725257
18/02/2018,3814917
19/02/2018,33985021
20/02/2018,33845072
21/02/2018,27414906
22/02/2018,26092232
23/02/2018,26484953
24/02/2018,5949482
25/02/2018,3517248
26/02/2018,31639610
27/02/2018,27892426
28/02/2018,31296642
01/03/2018,31699243
02/03/2018,30789034
03/03/2018,7367005
04/03/2018,4054882
05/03/2018,38248066
06/03/2018,34197248
07/03/2018,33557829
08/03/2018,28957940
09/03/2018,30066893
10/03/2018,5338567
11/03/2018,2166592
12/03/2018,34940079
13/03/2018,29268616
14/03/2018,27758330
15/03/2018,30249473
16/03/2018,27996815
17/03/2018,6265279
18/03/2018,3371594
19/03/2018,26695523
20/03/2018,28000204
21/03/2018,22946529
22/03/2018,21678093
23/03/2018,21851769
24/03/2018,6113576
25/03/2018,3741286
26/03/2018,32153692
27/03/2018,27867924
28/03/2018,28641084
29/03/2018,28643338
30/03/2018,4653251
31/03/2018,5577861
01/04/2018,3653397
02/04/2018,38415869
03/04/2018,32361636
04/04/2018,30580943
05/04/2018,32745967
06/04/2018,35931090
07/04/2018,7615515
08/04/2018,4232309
09/04/2018,37009069
10/04/2018,36667659
11/04/2018,31185548
12/04/2018,28955217
13/04/2018,28781012
14/04/2018,6571232
15/04/2018,1914906
16/04/2018,17104488
17/04/2018,26060696
18/04/2018,24600018
19/04/2018,24543584
20/04/2018,29505999
21/04/2018,4930631
22/04/2018,3682575
23/04/2018,31133913
24/04/2018,27202322
25/04/2018,29741650
26/04/2018,27575309
27/04/2018,29962834
28/04/2018,6710732
29/04/2018,3678391
30/04/2018,33102728
01/05/2018,6495239
02/05/2018,32811139
03/05/2018,33737814
04/05/2018,34645086
05/05/2018,7862078
06/05/2018,3188773
07/05/2018,40774651
08/05/2018,34380542
09/05/2018,30666466
10/05/2018,31312271
11/05/2018,31099087
12/05/2018,7037010
13/05/2018,3638609
14/05/2018,35069629
15/05/2018,34668469
16/05/2018,30582859
17/05/2018,29191454
18/05/2018,30998101
19/05/2018,6854419
20/05/2018,3921153
21/05/2018,37188342
22/05/2018,29866489
23/05/2018,28037402
24/05/2018,25413809
25/05/2018,28277518
26/05/2018,5886951
27/05/2018,3352365
28/05/2018,31256575
29/05/2018,27999196
30/05/2018,31124212
31/05/2018,6112292
01/06/2018,30546284
02/06/2018,7359931
03/06/2018,4262600
04/06/2018,38775759
05/06/2018,36015617
06/06/2018,35452395
07/06/2018,35141190
08/06/2018,33339728
09/06/2018,7859317
10/06/2018,4799233
11/06/2018,43161692
12/06/2018,33180758
13/06/2018,29487313
14/06/2018,29966510
15/06/2018,33753147
16/06/2018,6987508
17/06/2018,3683419
18/06/2018,34873568
19/06/2018,31573265
20/06/2018,35304295
21/06/2018,29366006
22/06/2018,24635898
23/06/2018,6711955
24/06/2018,3905874
25/06/2018,35406548
26/06/2018,29859398
27/06/2018,23130618
28/06/2018,29387675
29/06/2018,31637837
30/06/2018,7350319
01/07/2018,4654321
02/07/2018,34893644
03/07/2018,29985856
04/07/2018,33585620
05/07/2018,37079942
06/07/2018,30993744
07/07/2018,8165809
08/07/2018,4685728
09/07/2018,36855898
10/07/2018,40655967
11/07/2018,34294629
12/07/2018,31422092
13/07/2018,31243649
14/07/2018,7506181
15/07/2018,4465376
16/07/2018,38821086
17/07/2018,32190281
18/07/2018,30455508
19/07/2018,29930636
20/07/2018,25982210
23/07/2018,30056737
24/07/2018,30494202
25/07/2018,30626417
26/07/2018,27849437
27/07/2018,29054223
28/07/2018,6888530
29/07/2018,4129906
30/07/2018,35789702
31/07/2018,33684502
01/08/2018,34957869
02/08/2018,32924213
03/08/2018,34909629
04/08/2018,8243000
05/08/2018,4898539
06/08/2018,42467404
07/08/2018,38220719
08/08/2018,34699172
09/08/2018,32654502
10/08/2018,37341527
11/08/2018,7748342
12/08/2018,4174058
13/08/2018,39431911
14/08/2018,33777882
15/08/2018,31850827
16/08/2018,32197482
17/08/2018,31940605
18/08/2018,7357803
19/08/2018,4338392
20/08/2018,42836899
21/08/2018,33173101
22/08/2018,30775530
23/08/2018,29245346
24/08/2018,30112029
25/08/2018,7078593
26/08/2018,4134596
27/08/2018,36376634
28/08/2018,31013134
29/08/2018,30002447
30/08/2018,30997345
31/08/2018,33440248
01/09/2018,8479581
02/09/2018,4853490
03/09/2018,42873069
04/09/2018,36445546
05/09/2018,38547840
06/09/2018,41122205
07/09/2018,6480401
08/09/2018,7075604
09/09/2018,4981993
10/09/2018,49256270
11/09/2018,39058012
12/09/2018,34652001
13/09/2018,32566719
14/09/2018,33091634
15/09/2018,7604206
16/09/2018,4427577
17/09/2018,40621384
18/09/2018,33316150
19/09/2018,31954277
20/09/2018,36192684
21/09/2018,31845869
22/09/2018,6974545
23/09/2018,4208080
24/09/2018,34065557
25/09/2018,29554023
26/09/2018,27044273
27/09/2018,26622913
28/09/2018,30178158
29/09/2018,7208115
30/09/2018,4562736
01/10/2018,37898411
02/10/2018,32012079
03/10/2018,31047367
04/10/2018,30125386
05/10/2018,37445291
06/10/2018,8116137
07/10/2018,4370760
08/10/2018,37130257
09/10/2018,31940684
10/10/2018,35773893
11/10/2018,32029636
12/10/2018,5767140
13/10/2018,6267305
14/10/2018,4734885
15/10/2018,41281140
16/10/2018,31234740
17/10/2018,29011466
18/10/2018,27329556
19/10/2018,30342115
20/10/2018,7126088
21/10/2018,4008728
22/10/2018,35961147
23/10/2018,28618563
24/10/2018,26914462
25/10/2018,29017025
26/10/2018,28277125
27/10/2018,6579198
28/10/2018,3646260
29/10/2018,31563936
30/10/2018,29003184
31/10/2018,29863293
01/11/2018,32132842
02/11/2018,6141263
03/11/2018,6800636
04/11/2018,4707354
05/11/2018,45822677
06/11/2018,38004462
07/11/2018,38042829
08/11/2018,33620556
09/11/2018,33062403
10/11/2018,8079323
11/11/2018,4961036
12/11/2018,44782016
13/11/2018,34444030
14/11/2018,33449676
15/11/2018,7246740
16/11/2018,32176011
17/11/2018,7485837
18/11/2018,5059990
19/11/2018,38384463
20/11/2018,34281507
21/11/2018,32316197
22/11/2018,29897658
23/11/2018,30159967
24/11/2018,7728386
25/11/2018,4917539
26/11/2018,36109669
27/11/2018,29704430
28/11/2018,29247803
29/11/2018,29302063
30/11/2018,35016162
01/12/2018,8996231
02/12/2018,5485150
03/12/2018,39761197
04/12/2018,35079209
05/12/2018,36616819
06/12/2018,36508321
07/12/2018,38017460
08/12/2018,8746575
09/12/2018,5665261
10/12/2018,50578229
11/12/2018,38503800
12/12/2018,33460646
13/12/2018,31156717
14/12/2018,33067316
15/12/2018,8392573
16/12/2018,4740177
17/12/2018,41552719
18/12/2018,33369839
19/12/2018,33743655
20/12/2018,42072701
21/12/2018,36738593
22/12/2018,9405023
23/12/2018,5583422
24/12/2018,21843903
25/12/2018,5261007
26/12/2018,34731863
27/12/2018,30456204
28/12/2018,33052401
29/12/2018,8621610
30/12/2018,5052887
31/12/2018,10493614
01/01/2019,5513121
02/01/2019,38607810
03/01/2019,34557822
04/01/2019,34150797
05/01/2019,9674930
06/01/2019,6014411
07/01/2019,45862072
08/01/2019,37478620
09/01/2019,34706050
10/01/2019,37972697
11/01/2019,34498858
12/01/2019,8674492
13/01/2019,5308160
14/01/2019,39019868
15/01/2019,36700048
16/01/2019,32132031
17/01/2019,30830974
18/01/2019,33109602
19/01/2019,8496648
20/01/2019,5636087
21/01/2019,41006384
22/01/2019,32441662
23/01/2019,30377807
24/01/2019,28904256
25/01/2019,30966772
26/01/2019,8150044
27/01/2019,5344111
28/01/2019,34926040
29/01/2019,30785897
30/01/2019,33079931
31/01/2019,33427203
01/02/2019,34656942
02/02/2019,9208621
03/02/2019,6077762
04/02/2019,40863113
05/02/2019,38733183
06/02/2019,38757390
07/02/2019,38785374
08/02/2019,36548815
09/02/2019,9642516
10/02/2019,6471702
11/02/2019,46265457
12/02/2019,35711644
13/02/2019,32739469
14/02/2019,31900334
15/02/2019,36301466
16/02/2019,8871492
17/02/2019,5845576
18/02/2019,39394041
19/02/2019,34834572
20/02/2019,38601755
21/02/2019,32158619
22/02/2019,32182524
23/02/2019,8883753
24/02/2019,5857270
25/02/2019,39513048
26/02/2019,32454251
27/02/2019,32517609
28/02/2019,37822546
01/03/2019,40851167
02/03/2019,9719861
03/03/2019,5423942
04/03/2019,11927064
05/03/2019,8262618
06/03/2019,45740500
07/03/2019,46065145
08/03/2019,42473149
09/03/2019,10835098
10/03/2019,7181621
11/03/2019,51959223
12/03/2019,39202869
13/03/2019,35339674
14/03/2019,33474740
15/03/2019,38222425
16/03/2019,9234418
17/03/2019,5991645
18/03/2019,39820164
19/03/2019,34076029
20/03/2019,41193734
21/03/2019,32802494
22/03/2019,32984896
23/03/2019,8950924
24/03/2019,5860129
25/03/2019,39525183
26/03/2019,33082873
27/03/2019,31668880
28/03/2019,31886761
29/03/2019,35605398
30/03/2019,9670142
31/03/2019,6440839
01/04/2019,43567624
02/04/2019,36180670
03/04/2019,35468226
04/04/2019,35744387
05/04/2019,45937928
06/04/2019,10866758
07/04/2019,6941923
08/04/2019,44691969
09/04/2019,37597736
10/04/2019,41896073
11/04/2019,36763013
12/04/2019,35788941
13/04/2019,9659847
14/04/2019,6465175
15/04/2019,45652902
16/04/2019,36506534
17/04/2019,35428005
18/04/2019,36469048
19/04/2019,7566112
20/04/2019,8677788
21/04/2019,6303911
22/04/2019,48803964
23/04/2019,37186697
24/04/2019,35334508
25/04/2019,36032716
26/04/2019,35271175
27/04/2019,9945376
28/04/2019,6700938
29/04/2019,40803158
30/04/2019,42799029
01/05/2019,10719892
02/05/2019,44420112
03/05/2019,42540360
04/05/2019,11530706
05/05/2019,7627925
06/05/2019,50385531
07/05/2019,46230781
08/05/2019,42964799
09/05/2019,39669156
10/05/2019,46062123
11/05/2019,11522550
12/05/2019,6832822
13/05/2019,45988179
14/05/2019,39546662
15/05/2019,42486151
16/05/2019,36587356
17/05/2019,36779502
18/05/2019,10461572
19/05/2019,6819558
20/05/2019,49935265
